Iso3,StartDate,EndDate,Area Code,Area Code (M49),Area,Element Code,Element,ISO Currency Code,Currency,Year Code,Year,Months Code,Months,Unit,Value,Flag
UKR,1996-02-01,1996-02-29,230,'804,Ukraine,LCU,Local currency units per USD,UAH,Hryvnia,1996,1996,7002,February,,1.881034500000000,X
UKR,1996-03-01,1996-03-31,230,'804,Ukraine,LCU,Local currency units per USD,UAH,Hryvnia,1996,1996,7003,March,,1.891516100000000,X
UKR,1996-04-01,1996-04-30,230,'804,Ukraine,LCU,Local currency units per USD,UAH,Hryvnia,1996,1996,7004,April,,1.872666700000000,X
UKR,1996-05-01,1996-05-31,230,'804,Ukraine,LCU,Local currency units per USD,UAH,Hryvnia,1996,1996,7005,May,,1.841900000000000,X
UKR,1996-06-01,1996-06-30,230,'804,Ukraine,LCU,Local currency units per USD,UAH,Hryvnia,1996,1996,7006,June,,1.819766700000000,X
UKR,1996-07-01,1996-07-31,230,'804,Ukraine,LCU,Local currency units per USD,UAH,Hryvnia,1996,1996,7007,July,,1.780838700000000,X
UKR,1996-08-01,1996-08-31,230,'804,Ukraine,LCU,Local currency units per USD,UAH,Hryvnia,1996,1996,7008,August,,1.760000000000000,X
UKR,1996-09-01,1996-09-30,230,'804,Ukraine,LCU,Local currency units per USD,UAH,Hryvnia,1996,1996,7009,September,,1.760000000000000,X
UKR,1996-10-01,1996-10-31,230,'804,Ukraine,LCU,Local currency units per USD,UAH,Hryvnia,1996,1996,7010,October,,1.774800000000000,X
UKR,1996-11-01,1996-11-30,230,'804,Ukraine,LCU,Local currency units per USD,UAH,Hryvnia,1996,1996,7011,November,,1.859200000000000,X
UKR,1996-12-01,1996-12-31,230,'804,Ukraine,LCU,Local currency units per USD,UAH,Hryvnia,1996,1996,7012,December,,1.883900000000000,X
UKR,1997-01-01,1997-12-31,230,'804,Ukraine,LCU,Local currency units per USD,UAH,Hryvnia,1997,1997,7021,Annual value,,1.861658333000000,X
UKR,1997-01-01,1997-01-31,230,'804,Ukraine,LCU,Local currency units per USD,UAH,Hryvnia,1997,1997,7001,January,,1.891400000000000,X
UKR,1997-02-01,1997-02-28,230,'804,Ukraine,LCU,Local currency units per USD,UAH,Hryvnia,1997,1997,7002,February,,1.843600000000000,X
UKR,1997-03-01,1997-03-31,230,'804,Ukraine,LCU,Local currency units per USD,UAH,Hryvnia,1997,1997,7003,March,,1.837100000000000,X
UKR,1997-04-01,1997-04-30,230,'804,Ukraine,LCU,Local currency units per USD,UAH,Hryvnia,1997,1997,7004,April,,1.847900000000000,X
UKR,1997-05-01,1997-05-31,230,'804,Ukraine,LCU,Local currency units per USD,UAH,Hryvnia,1997,1997,7005,May,,1.842800000000000,X
UKR,1997-06-01,1997-06-30,230,'804,Ukraine,LCU,Local currency units per USD,UAH,Hryvnia,1997,1997,7006,June,,1.857800000000000,X
UKR,1997-07-01,1997-07-31,230,'804,Ukraine,LCU,Local currency units per USD,UAH,Hryvnia,1997,1997,7007,July,,1.857000000000000,X
UKR,1997-08-01,1997-08-31,230,'804,Ukraine,LCU,Local currency units per USD,UAH,Hryvnia,1997,1997,7008,August,,1.856000000000000,X
UKR,1997-09-01,1997-09-30,230,'804,Ukraine,LCU,Local currency units per USD,UAH,Hryvnia,1997,1997,7009,September,,1.860600000000000,X
UKR,1997-10-01,1997-10-31,230,'804,Ukraine,LCU,Local currency units per USD,UAH,Hryvnia,1997,1997,7010,October,,1.871300000000000,X
UKR,1997-11-01,1997-11-30,230,'804,Ukraine,LCU,Local currency units per USD,UAH,Hryvnia,1997,1997,7011,November,,1.879400000000000,X
UKR,1997-12-01,1997-12-31,230,'804,Ukraine,LCU,Local currency units per USD,UAH,Hryvnia,1997,1997,7012,December,,1.895000000000000,X
UKR,1998-01-01,1998-12-31,230,'804,Ukraine,LCU,Local currency units per USD,UAH,Hryvnia,1998,1998,7021,Annual value,,2.449541667000000,X
UKR,1998-01-01,1998-01-31,230,'804,Ukraine,LCU,Local currency units per USD,UAH,Hryvnia,1998,1998,7001,January,,1.909100000000000,X
UKR,1998-02-01,1998-02-28,230,'804,Ukraine,LCU,Local currency units per USD,UAH,Hryvnia,1998,1998,7002,February,,1.956600000000000,X
UKR,1998-03-01,1998-03-31,230,'804,Ukraine,LCU,Local currency units per USD,UAH,Hryvnia,1998,1998,7003,March,,2.034000000000000,X
UKR,1998-04-01,1998-04-30,230,'804,Ukraine,LCU,Local currency units per USD,UAH,Hryvnia,1998,1998,7004,April,,2.039900000000000,X
UKR,1998-05-01,1998-05-31,230,'804,Ukraine,LCU,Local currency units per USD,UAH,Hryvnia,1998,1998,7005,May,,2.049500000000000,X
UKR,1998-06-01,1998-06-30,230,'804,Ukraine,LCU,Local currency units per USD,UAH,Hryvnia,1998,1998,7006,June,,2.058900000000000,X
UKR,1998-07-01,1998-07-31,230,'804,Ukraine,LCU,Local currency units per USD,UAH,Hryvnia,1998,1998,7007,July,,2.102600000000000,X
UKR,1998-08-01,1998-08-31,230,'804,Ukraine,LCU,Local currency units per USD,UAH,Hryvnia,1998,1998,7008,August,,2.183200000000000,X
UKR,1998-09-01,1998-09-30,230,'804,Ukraine,LCU,Local currency units per USD,UAH,Hryvnia,1998,1998,7009,September,,2.785000000000000,X
UKR,1998-10-01,1998-10-31,230,'804,Ukraine,LCU,Local currency units per USD,UAH,Hryvnia,1998,1998,7010,October,,3.421600000000000,X
UKR,1998-11-01,1998-11-30,230,'804,Ukraine,LCU,Local currency units per USD,UAH,Hryvnia,1998,1998,7011,November,,3.427100000000000,X
UKR,1998-12-01,1998-12-31,230,'804,Ukraine,LCU,Local currency units per USD,UAH,Hryvnia,1998,1998,7012,December,,3.427000000000000,X
UKR,1999-01-01,1999-12-31,230,'804,Ukraine,LCU,Local currency units per USD,UAH,Hryvnia,1999,1999,7021,Annual value,,4.130441667000000,X
UKR,1999-01-01,1999-01-31,230,'804,Ukraine,LCU,Local currency units per USD,UAH,Hryvnia,1999,1999,7001,January,,3.427000000000000,X
UKR,1999-02-01,1999-02-28,230,'804,Ukraine,LCU,Local currency units per USD,UAH,Hryvnia,1999,1999,7002,February,,3.470900000000000,X
UKR,1999-03-01,1999-03-31,230,'804,Ukraine,LCU,Local currency units per USD,UAH,Hryvnia,1999,1999,7003,March,,3.772800000000000,X
UKR,1999-04-01,1999-04-30,230,'804,Ukraine,LCU,Local currency units per USD,UAH,Hryvnia,1999,1999,7004,April,,3.933700000000000,X
UKR,1999-05-01,1999-05-31,230,'804,Ukraine,LCU,Local currency units per USD,UAH,Hryvnia,1999,1999,7005,May,,3.923500000000000,X
UKR,1999-06-01,1999-06-30,230,'804,Ukraine,LCU,Local currency units per USD,UAH,Hryvnia,1999,1999,7006,June,,3.949600000000000,X
UKR,1999-07-01,1999-07-31,230,'804,Ukraine,LCU,Local currency units per USD,UAH,Hryvnia,1999,1999,7007,July,,4.004400000000000,X
UKR,1999-08-01,1999-08-31,230,'804,Ukraine,LCU,Local currency units per USD,UAH,Hryvnia,1999,1999,7008,August,,4.460500000000000,X
UKR,1999-09-01,1999-09-30,230,'804,Ukraine,LCU,Local currency units per USD,UAH,Hryvnia,1999,1999,7009,September,,4.455900000000000,X
UKR,1999-10-01,1999-10-31,230,'804,Ukraine,LCU,Local currency units per USD,UAH,Hryvnia,1999,1999,7010,October,,4.467300000000000,X
UKR,1999-11-01,1999-11-30,230,'804,Ukraine,LCU,Local currency units per USD,UAH,Hryvnia,1999,1999,7011,November,,4.630600000000000,X
UKR,1999-12-01,1999-12-31,230,'804,Ukraine,LCU,Local currency units per USD,UAH,Hryvnia,1999,1999,7012,December,,5.069100000000000,X
UKR,2000-01-01,2000-12-31,230,'804,Ukraine,LCU,Local currency units per USD,UAH,Hryvnia,2000,2000,7021,Annual value,,5.440233333000000,X
UKR,2000-01-01,2000-01-31,230,'804,Ukraine,LCU,Local currency units per USD,UAH,Hryvnia,2000,2000,7001,January,,5.381100000000000,X
UKR,2000-02-01,2000-02-29,230,'804,Ukraine,LCU,Local currency units per USD,UAH,Hryvnia,2000,2000,7002,February,,5.543100000000000,X
UKR,2000-03-01,2000-03-31,230,'804,Ukraine,LCU,Local currency units per USD,UAH,Hryvnia,2000,2000,7003,March,,5.468000000000000,X
UKR,2000-04-01,2000-04-30,230,'804,Ukraine,LCU,Local currency units per USD,UAH,Hryvnia,2000,2000,7004,April,,5.422800000000000,X
UKR,2000-05-01,2000-05-31,230,'804,Ukraine,LCU,Local currency units per USD,UAH,Hryvnia,2000,2000,7005,May,,5.404100000000000,X
UKR,2000-06-01,2000-06-30,230,'804,Ukraine,LCU,Local currency units per USD,UAH,Hryvnia,2000,2000,7006,June,,5.436000000000000,X
UKR,2000-07-01,2000-07-31,230,'804,Ukraine,LCU,Local currency units per USD,UAH,Hryvnia,2000,2000,7007,July,,5.438600000000000,X
UKR,2000-08-01,2000-08-31,230,'804,Ukraine,LCU,Local currency units per USD,UAH,Hryvnia,2000,2000,7008,August,,5.438500000000000,X
UKR,2000-09-01,2000-09-30,230,'804,Ukraine,LCU,Local currency units per USD,UAH,Hryvnia,2000,2000,7009,September,,5.439000000000000,X
UKR,2000-10-01,2000-10-31,230,'804,Ukraine,LCU,Local currency units per USD,UAH,Hryvnia,2000,2000,7010,October,,5.438700000000000,X
UKR,2000-11-01,2000-11-30,230,'804,Ukraine,LCU,Local currency units per USD,UAH,Hryvnia,2000,2000,7011,November,,5.437100000000000,X
UKR,2000-12-01,2000-12-31,230,'804,Ukraine,LCU,Local currency units per USD,UAH,Hryvnia,2000,2000,7012,December,,5.435800000000000,X
UKR,2001-01-01,2001-12-31,230,'804,Ukraine,LCU,Local currency units per USD,UAH,Hryvnia,2001,2001,7021,Annual value,,5.372158333000000,X
UKR,2001-01-01,2001-01-31,230,'804,Ukraine,LCU,Local currency units per USD,UAH,Hryvnia,2001,2001,7001,January,,5.433100000000000,X
UKR,2001-02-01,2001-02-28,230,'804,Ukraine,LCU,Local currency units per USD,UAH,Hryvnia,2001,2001,7002,February,,5.429600000000000,X
UKR,2001-03-01,2001-03-31,230,'804,Ukraine,LCU,Local currency units per USD,UAH,Hryvnia,2001,2001,7003,March,,5.421400000000000,X
UKR,2001-04-01,2001-04-30,230,'804,Ukraine,LCU,Local currency units per USD,UAH,Hryvnia,2001,2001,7004,April,,5.418200000000000,X
UKR,2001-05-01,2001-05-31,230,'804,Ukraine,LCU,Local currency units per USD,UAH,Hryvnia,2001,2001,7005,May,,5.413700000000000,X
UKR,2001-06-01,2001-06-30,230,'804,Ukraine,LCU,Local currency units per USD,UAH,Hryvnia,2001,2001,7006,June,,5.401200000000000,X
UKR,2001-07-01,2001-07-31,230,'804,Ukraine,LCU,Local currency units per USD,UAH,Hryvnia,2001,2001,7007,July,,5.371100000000000,X
UKR,2001-08-01,2001-08-31,230,'804,Ukraine,LCU,Local currency units per USD,UAH,Hryvnia,2001,2001,7008,August,,5.346700000000000,X
UKR,2001-09-01,2001-09-30,230,'804,Ukraine,LCU,Local currency units per USD,UAH,Hryvnia,2001,2001,7009,September,,5.339000000000000,X
UKR,2001-10-01,2001-10-31,230,'804,Ukraine,LCU,Local currency units per USD,UAH,Hryvnia,2001,2001,7010,October,,5.310300000000000,X
UKR,2001-11-01,2001-11-30,230,'804,Ukraine,LCU,Local currency units per USD,UAH,Hryvnia,2001,2001,7011,November,,5.287300000000000,X
UKR,2001-12-01,2001-12-31,230,'804,Ukraine,LCU,Local currency units per USD,UAH,Hryvnia,2001,2001,7012,December,,5.294300000000000,X
UKR,2002-01-01,2002-12-31,230,'804,Ukraine,LCU,Local currency units per USD,UAH,Hryvnia,2002,2002,7021,Annual value,,5.326625000000000,X
UKR,2002-01-01,2002-01-31,230,'804,Ukraine,LCU,Local currency units per USD,UAH,Hryvnia,2002,2002,7001,January,,5.312600000000000,X
UKR,2002-02-01,2002-02-28,230,'804,Ukraine,LCU,Local currency units per USD,UAH,Hryvnia,2002,2002,7002,February,,5.321000000000000,X
UKR,2002-03-01,2002-03-31,230,'804,Ukraine,LCU,Local currency units per USD,UAH,Hryvnia,2002,2002,7003,March,,5.322300000000000,X
UKR,2002-04-01,2002-04-30,230,'804,Ukraine,LCU,Local currency units per USD,UAH,Hryvnia,2002,2002,7004,April,,5.327400000000000,X
UKR,2002-05-01,2002-05-31,230,'804,Ukraine,LCU,Local currency units per USD,UAH,Hryvnia,2002,2002,7005,May,,5.327900000000000,X
UKR,2002-06-01,2002-06-30,230,'804,Ukraine,LCU,Local currency units per USD,UAH,Hryvnia,2002,2002,7006,June,,5.329300000000000,X
UKR,2002-07-01,2002-07-31,230,'804,Ukraine,LCU,Local currency units per USD,UAH,Hryvnia,2002,2002,7007,July,,5.328800000000000,X
UKR,2002-08-01,2002-08-31,230,'804,Ukraine,LCU,Local currency units per USD,UAH,Hryvnia,2002,2002,7008,August,,5.329100000000000,X
UKR,2002-09-01,2002-09-30,230,'804,Ukraine,LCU,Local currency units per USD,UAH,Hryvnia,2002,2002,7009,September,,5.329500000000000,X
UKR,2002-10-01,2002-10-31,230,'804,Ukraine,LCU,Local currency units per USD,UAH,Hryvnia,2002,2002,7010,October,,5.329600000000000,X
UKR,2002-11-01,2002-11-30,230,'804,Ukraine,LCU,Local currency units per USD,UAH,Hryvnia,2002,2002,7011,November,,5.330400000000000,X
UKR,2002-12-01,2002-12-31,230,'804,Ukraine,LCU,Local currency units per USD,UAH,Hryvnia,2002,2002,7012,December,,5.331600000000000,X
UKR,2003-01-01,2003-12-31,230,'804,Ukraine,LCU,Local currency units per USD,UAH,Hryvnia,2003,2003,7021,Annual value,,5.332688333000000,X
UKR,2003-01-01,2003-01-31,230,'804,Ukraine,LCU,Local currency units per USD,UAH,Hryvnia,2003,2003,7001,January,,5.332700000000000,X
UKR,2003-02-01,2003-02-28,230,'804,Ukraine,LCU,Local currency units per USD,UAH,Hryvnia,2003,2003,7002,February,,5.333900000000000,X
UKR,2003-03-01,2003-03-31,230,'804,Ukraine,LCU,Local currency units per USD,UAH,Hryvnia,2003,2003,7003,March,,5.334500000000000,X
UKR,2003-04-01,2003-04-30,230,'804,Ukraine,LCU,Local currency units per USD,UAH,Hryvnia,2003,2003,7004,April,,5.334100000000000,X
UKR,2003-05-01,2003-05-31,230,'804,Ukraine,LCU,Local currency units per USD,UAH,Hryvnia,2003,2003,7005,May,,5.333200000000000,X
UKR,2003-06-01,2003-06-30,230,'804,Ukraine,LCU,Local currency units per USD,UAH,Hryvnia,2003,2003,7006,June,,5.333000000000000,X
UKR,2003-07-01,2003-07-31,230,'804,Ukraine,LCU,Local currency units per USD,UAH,Hryvnia,2003,2003,7007,July,,5.332100000000000,X
UKR,2003-08-01,2003-08-31,230,'804,Ukraine,LCU,Local currency units per USD,UAH,Hryvnia,2003,2003,7008,August,,5.331700000000000,X
UKR,2003-09-01,2003-09-30,230,'804,Ukraine,LCU,Local currency units per USD,UAH,Hryvnia,2003,2003,7009,September,,5.331600000000000,X
UKR,2003-10-01,2003-10-31,230,'804,Ukraine,LCU,Local currency units per USD,UAH,Hryvnia,2003,2003,7010,October,,5.331703000000000,X
UKR,2003-11-01,2003-11-30,230,'804,Ukraine,LCU,Local currency units per USD,UAH,Hryvnia,2003,2003,7011,November,,5.331960000000000,X
UKR,2003-12-01,2003-12-31,230,'804,Ukraine,LCU,Local currency units per USD,UAH,Hryvnia,2003,2003,7012,December,,5.331797000000000,X
UKR,2004-01-01,2004-12-31,230,'804,Ukraine,LCU,Local currency units per USD,UAH,Hryvnia,2004,2004,7021,Annual value,,5.319180667000000,X
UKR,2004-01-01,2004-01-31,230,'804,Ukraine,LCU,Local currency units per USD,UAH,Hryvnia,2004,2004,7001,January,,5.331229000000000,X
UKR,2004-02-01,2004-02-29,230,'804,Ukraine,LCU,Local currency units per USD,UAH,Hryvnia,2004,2004,7002,February,,5.330565000000000,X
UKR,2004-03-01,2004-03-31,230,'804,Ukraine,LCU,Local currency units per USD,UAH,Hryvnia,2004,2004,7003,March,,5.329500000000000,X
UKR,2004-04-01,2004-04-30,230,'804,Ukraine,LCU,Local currency units per USD,UAH,Hryvnia,2004,2004,7004,April,,5.329000000000000,X
UKR,2004-05-01,2004-05-31,230,'804,Ukraine,LCU,Local currency units per USD,UAH,Hryvnia,2004,2004,7005,May,,5.327374000000000,X
UKR,2004-06-01,2004-06-30,230,'804,Ukraine,LCU,Local currency units per USD,UAH,Hryvnia,2004,2004,7006,June,,5.322000000000000,X
UKR,2004-07-01,2004-07-31,230,'804,Ukraine,LCU,Local currency units per USD,UAH,Hryvnia,2004,2004,7007,July,,5.318100000000000,X
UKR,2004-08-01,2004-08-31,230,'804,Ukraine,LCU,Local currency units per USD,UAH,Hryvnia,2004,2004,7008,August,,5.313600000000000,X
UKR,2004-09-01,2004-09-30,230,'804,Ukraine,LCU,Local currency units per USD,UAH,Hryvnia,2004,2004,7009,September,,5.309700000000000,X
UKR,2004-10-01,2004-10-31,230,'804,Ukraine,LCU,Local currency units per USD,UAH,Hryvnia,2004,2004,7010,October,,5.306900000000000,X
UKR,2004-11-01,2004-11-30,230,'804,Ukraine,LCU,Local currency units per USD,UAH,Hryvnia,2004,2004,7011,November,,5.306300000000000,X
UKR,2004-12-01,2004-12-31,230,'804,Ukraine,LCU,Local currency units per USD,UAH,Hryvnia,2004,2004,7012,December,,5.305900000000000,X
UKR,2005-01-01,2005-12-31,230,'804,Ukraine,LCU,Local currency units per USD,UAH,Hryvnia,2005,2005,7021,Annual value,,5.124729000000000,X
UKR,2005-01-01,2005-01-31,230,'804,Ukraine,LCU,Local currency units per USD,UAH,Hryvnia,2005,2005,7001,January,,5.304648000000000,X
UKR,2005-02-01,2005-02-28,230,'804,Ukraine,LCU,Local currency units per USD,UAH,Hryvnia,2005,2005,7002,February,,5.300011000000000,X
UKR,2005-03-01,2005-03-31,230,'804,Ukraine,LCU,Local currency units per USD,UAH,Hryvnia,2005,2005,7003,March,,5.292023000000000,X
UKR,2005-04-01,2005-04-30,230,'804,Ukraine,LCU,Local currency units per USD,UAH,Hryvnia,2005,2005,7004,April,,5.192010000000000,X
UKR,2005-05-01,2005-05-31,230,'804,Ukraine,LCU,Local currency units per USD,UAH,Hryvnia,2005,2005,7005,May,,5.050000000000000,X
UKR,2005-06-01,2005-06-30,230,'804,Ukraine,LCU,Local currency units per USD,UAH,Hryvnia,2005,2005,7006,June,,5.054830000000000,X
UKR,2005-07-01,2005-07-31,230,'804,Ukraine,LCU,Local currency units per USD,UAH,Hryvnia,2005,2005,7007,July,,5.053226000000000,X
UKR,2005-08-01,2005-08-31,230,'804,Ukraine,LCU,Local currency units per USD,UAH,Hryvnia,2005,2005,7008,August,,5.050000000000000,X
UKR,2005-09-01,2005-09-30,230,'804,Ukraine,LCU,Local currency units per USD,UAH,Hryvnia,2005,2005,7009,September,,5.050000000000000,X
UKR,2005-10-01,2005-10-31,230,'804,Ukraine,LCU,Local currency units per USD,UAH,Hryvnia,2005,2005,7010,October,,5.050000000000000,X
UKR,2005-11-01,2005-11-30,230,'804,Ukraine,LCU,Local currency units per USD,UAH,Hryvnia,2005,2005,7011,November,,5.050000000000000,X
UKR,2005-12-01,2005-12-31,230,'804,Ukraine,LCU,Local currency units per USD,UAH,Hryvnia,2005,2005,7012,December,,5.050000000000000,X
UKR,2006-01-01,2006-12-31,230,'804,Ukraine,LCU,Local currency units per USD,UAH,Hryvnia,2006,2006,7021,Annual value,,5.050000000000000,X
UKR,2006-01-01,2006-01-31,230,'804,Ukraine,LCU,Local currency units per USD,UAH,Hryvnia,2006,2006,7001,January,,5.050000000000000,X
UKR,2006-02-01,2006-02-28,230,'804,Ukraine,LCU,Local currency units per USD,UAH,Hryvnia,2006,2006,7002,February,,5.050000000000000,X
UKR,2006-03-01,2006-03-31,230,'804,Ukraine,LCU,Local currency units per USD,UAH,Hryvnia,2006,2006,7003,March,,5.050000000000000,X
UKR,2006-04-01,2006-04-30,230,'804,Ukraine,LCU,Local currency units per USD,UAH,Hryvnia,2006,2006,7004,April,,5.050000000000000,X
UKR,2006-05-01,2006-05-31,230,'804,Ukraine,LCU,Local currency units per USD,UAH,Hryvnia,2006,2006,7005,May,,5.050000000000000,X
UKR,2006-06-01,2006-06-30,230,'804,Ukraine,LCU,Local currency units per USD,UAH,Hryvnia,2006,2006,7006,June,,5.050000000000000,X
UKR,2006-07-01,2006-07-31,230,'804,Ukraine,LCU,Local currency units per USD,UAH,Hryvnia,2006,2006,7007,July,,5.050000000000000,X
UKR,2006-08-01,2006-08-31,230,'804,Ukraine,LCU,Local currency units per USD,UAH,Hryvnia,2006,2006,7008,August,,5.050000000000000,X
UKR,2006-09-01,2006-09-30,230,'804,Ukraine,LCU,Local currency units per USD,UAH,Hryvnia,2006,2006,7009,September,,5.050000000000000,X
UKR,2006-10-01,2006-10-31,230,'804,Ukraine,LCU,Local currency units per USD,UAH,Hryvnia,2006,2006,7010,October,,5.050000000000000,X
UKR,2006-11-01,2006-11-30,230,'804,Ukraine,LCU,Local currency units per USD,UAH,Hryvnia,2006,2006,7011,November,,5.050000000000000,X
UKR,2006-12-01,2006-12-31,230,'804,Ukraine,LCU,Local currency units per USD,UAH,Hryvnia,2006,2006,7012,December,,5.050000000000000,X
UKR,2007-01-01,2007-12-31,230,'804,Ukraine,LCU,Local currency units per USD,UAH,Hryvnia,2007,2007,7021,Annual value,,5.050000000000000,X
UKR,2007-01-01,2007-01-31,230,'804,Ukraine,LCU,Local currency units per USD,UAH,Hryvnia,2007,2007,7001,January,,5.050000000000000,X
UKR,2007-02-01,2007-02-28,230,'804,Ukraine,LCU,Local currency units per USD,UAH,Hryvnia,2007,2007,7002,February,,5.050000000000000,X
UKR,2007-03-01,2007-03-31,230,'804,Ukraine,LCU,Local currency units per USD,UAH,Hryvnia,2007,2007,7003,March,,5.050000000000000,X
UKR,2007-04-01,2007-04-30,230,'804,Ukraine,LCU,Local currency units per USD,UAH,Hryvnia,2007,2007,7004,April,,5.050000000000000,X
UKR,2007-05-01,2007-05-31,230,'804,Ukraine,LCU,Local currency units per USD,UAH,Hryvnia,2007,2007,7005,May,,5.050000000000000,X
UKR,2007-06-01,2007-06-30,230,'804,Ukraine,LCU,Local currency units per USD,UAH,Hryvnia,2007,2007,7006,June,,5.050000000000000,X
UKR,2007-07-01,2007-07-31,230,'804,Ukraine,LCU,Local currency units per USD,UAH,Hryvnia,2007,2007,7007,July,,5.050000000000000,X
UKR,2007-08-01,2007-08-31,230,'804,Ukraine,LCU,Local currency units per USD,UAH,Hryvnia,2007,2007,7008,August,,5.050000000000000,X
UKR,2007-09-01,2007-09-30,230,'804,Ukraine,LCU,Local currency units per USD,UAH,Hryvnia,2007,2007,7009,September,,5.050000000000000,X
UKR,2007-10-01,2007-10-31,230,'804,Ukraine,LCU,Local currency units per USD,UAH,Hryvnia,2007,2007,7010,October,,5.050000000000000,X
UKR,2007-11-01,2007-11-30,230,'804,Ukraine,LCU,Local currency units per USD,UAH,Hryvnia,2007,2007,7011,November,,5.050000000000000,X
UKR,2007-12-01,2007-12-31,230,'804,Ukraine,LCU,Local currency units per USD,UAH,Hryvnia,2007,2007,7012,December,,5.050000000000000,X
UKR,2008-01-01,2008-12-31,230,'804,Ukraine,LCU,Local currency units per USD,UAH,Hryvnia,2008,2008,7021,Annual value,,5.267221417000000,X
UKR,2008-01-01,2008-01-31,230,'804,Ukraine,LCU,Local currency units per USD,UAH,Hryvnia,2008,2008,7001,January,,5.050000000000000,X
UKR,2008-02-01,2008-02-29,230,'804,Ukraine,LCU,Local currency units per USD,UAH,Hryvnia,2008,2008,7002,February,,5.050000000000000,X
UKR,2008-03-01,2008-03-31,230,'804,Ukraine,LCU,Local currency units per USD,UAH,Hryvnia,2008,2008,7003,March,,5.050000000000000,X
UKR,2008-04-01,2008-04-30,230,'804,Ukraine,LCU,Local currency units per USD,UAH,Hryvnia,2008,2008,7004,April,,5.050000000000000,X
UKR,2008-05-01,2008-05-31,230,'804,Ukraine,LCU,Local currency units per USD,UAH,Hryvnia,2008,2008,7005,May,,4.985613000000000,X
UKR,2008-06-01,2008-06-30,230,'804,Ukraine,LCU,Local currency units per USD,UAH,Hryvnia,2008,2008,7006,June,,4.851927000000000,X
UKR,2008-07-01,2008-07-31,230,'804,Ukraine,LCU,Local currency units per USD,UAH,Hryvnia,2008,2008,7007,July,,4.843074000000000,X
UKR,2008-08-01,2008-08-31,230,'804,Ukraine,LCU,Local currency units per USD,UAH,Hryvnia,2008,2008,7008,August,,4.844574000000000,X
UKR,2008-09-01,2008-09-30,230,'804,Ukraine,LCU,Local currency units per USD,UAH,Hryvnia,2008,2008,7009,September,,4.852997000000000,X
UKR,2008-10-01,2008-10-31,230,'804,Ukraine,LCU,Local currency units per USD,UAH,Hryvnia,2008,2008,7010,October,,5.042977000000000,X
UKR,2008-11-01,2008-11-30,230,'804,Ukraine,LCU,Local currency units per USD,UAH,Hryvnia,2008,2008,7011,November,,6.004137000000000,X
UKR,2008-12-01,2008-12-31,230,'804,Ukraine,LCU,Local currency units per USD,UAH,Hryvnia,2008,2008,7012,December,,7.581358000000000,X
UKR,2009-01-01,2009-12-31,230,'804,Ukraine,LCU,Local currency units per USD,UAH,Hryvnia,2009,2009,7021,Annual value,,7.791240333000000,X
UKR,2009-01-01,2009-01-31,230,'804,Ukraine,LCU,Local currency units per USD,UAH,Hryvnia,2009,2009,7001,January,,7.700000000000000,X
UKR,2009-02-01,2009-02-28,230,'804,Ukraine,LCU,Local currency units per USD,UAH,Hryvnia,2009,2009,7002,February,,7.700000000000000,X
UKR,2009-03-01,2009-03-31,230,'804,Ukraine,LCU,Local currency units per USD,UAH,Hryvnia,2009,2009,7003,March,,7.700000000000000,X
UKR,2009-04-01,2009-04-30,230,'804,Ukraine,LCU,Local currency units per USD,UAH,Hryvnia,2009,2009,7004,April,,7.700000000000000,X
UKR,2009-05-01,2009-05-31,230,'804,Ukraine,LCU,Local currency units per USD,UAH,Hryvnia,2009,2009,7005,May,,7.652981000000000,X
UKR,2009-06-01,2009-06-30,230,'804,Ukraine,LCU,Local currency units per USD,UAH,Hryvnia,2009,2009,7006,June,,7.615773000000000,X
UKR,2009-07-01,2009-07-31,230,'804,Ukraine,LCU,Local currency units per USD,UAH,Hryvnia,2009,2009,7007,July,,7.648132000000000,X
UKR,2009-08-01,2009-08-31,230,'804,Ukraine,LCU,Local currency units per USD,UAH,Hryvnia,2009,2009,7008,August,,7.806613000000000,X
UKR,2009-09-01,2009-09-30,230,'804,Ukraine,LCU,Local currency units per USD,UAH,Hryvnia,2009,2009,7009,September,,7.999017000000000,X
UKR,2009-10-01,2009-10-31,230,'804,Ukraine,LCU,Local currency units per USD,UAH,Hryvnia,2009,2009,7010,October,,8.000168000000000,X
UKR,2009-11-01,2009-11-30,230,'804,Ukraine,LCU,Local currency units per USD,UAH,Hryvnia,2009,2009,7011,November,,7.994400000000000,X
UKR,2009-12-01,2009-12-31,230,'804,Ukraine,LCU,Local currency units per USD,UAH,Hryvnia,2009,2009,7012,December,,7.977800000000000,X
UKR,2010-01-01,2010-12-31,230,'804,Ukraine,LCU,Local currency units per USD,UAH,Hryvnia,2010,2010,7021,Annual value,,7.935639417000000,X
UKR,2010-01-01,2010-01-31,230,'804,Ukraine,LCU,Local currency units per USD,UAH,Hryvnia,2010,2010,7001,January,,7.996958000000000,X
UKR,2010-02-01,2010-02-28,230,'804,Ukraine,LCU,Local currency units per USD,UAH,Hryvnia,2010,2010,7002,February,,8.000261000000000,X
UKR,2010-03-01,2010-03-31,230,'804,Ukraine,LCU,Local currency units per USD,UAH,Hryvnia,2010,2010,7003,March,,7.967100000000000,X
UKR,2010-04-01,2010-04-30,230,'804,Ukraine,LCU,Local currency units per USD,UAH,Hryvnia,2010,2010,7004,April,,7.925713000000000,X
UKR,2010-05-01,2010-05-31,230,'804,Ukraine,LCU,Local currency units per USD,UAH,Hryvnia,2010,2010,7005,May,,7.925723000000000,X
UKR,2010-06-01,2010-06-30,230,'804,Ukraine,LCU,Local currency units per USD,UAH,Hryvnia,2010,2010,7006,June,,7.915733000000000,X
UKR,2010-07-01,2010-07-31,230,'804,Ukraine,LCU,Local currency units per USD,UAH,Hryvnia,2010,2010,7007,July,,7.901555000000000,X
UKR,2010-08-01,2010-08-31,230,'804,Ukraine,LCU,Local currency units per USD,UAH,Hryvnia,2010,2010,7008,August,,7.890297000000000,X
UKR,2010-09-01,2010-09-30,230,'804,Ukraine,LCU,Local currency units per USD,UAH,Hryvnia,2010,2010,7009,September,,7.910343000000000,X
UKR,2010-10-01,2010-10-31,230,'804,Ukraine,LCU,Local currency units per USD,UAH,Hryvnia,2010,2010,7010,October,,7.910494000000000,X
UKR,2010-11-01,2010-11-30,230,'804,Ukraine,LCU,Local currency units per USD,UAH,Hryvnia,2010,2010,7011,November,,7.927793000000000,X
UKR,2010-12-01,2010-12-31,230,'804,Ukraine,LCU,Local currency units per USD,UAH,Hryvnia,2010,2010,7012,December,,7.955703000000000,X
UKR,2011-01-01,2011-12-31,230,'804,Ukraine,LCU,Local currency units per USD,UAH,Hryvnia,2011,2011,7021,Annual value,,7.967562833000000,X
UKR,2011-01-01,2011-01-31,230,'804,Ukraine,LCU,Local currency units per USD,UAH,Hryvnia,2011,2011,7001,January,,7.949697000000000,X
UKR,2011-02-01,2011-02-28,230,'804,Ukraine,LCU,Local currency units per USD,UAH,Hryvnia,2011,2011,7002,February,,7.940793000000000,X
UKR,2011-03-01,2011-03-31,230,'804,Ukraine,LCU,Local currency units per USD,UAH,Hryvnia,2011,2011,7003,March,,7.943965000000000,X
UKR,2011-04-01,2011-04-30,230,'804,Ukraine,LCU,Local currency units per USD,UAH,Hryvnia,2011,2011,7004,April,,7.964950000000000,X
UKR,2011-05-01,2011-05-31,230,'804,Ukraine,LCU,Local currency units per USD,UAH,Hryvnia,2011,2011,7005,May,,7.974597000000000,X
UKR,2011-06-01,2011-06-30,230,'804,Ukraine,LCU,Local currency units per USD,UAH,Hryvnia,2011,2011,7006,June,,7.973250000000000,X
UKR,2011-07-01,2011-07-31,230,'804,Ukraine,LCU,Local currency units per USD,UAH,Hryvnia,2011,2011,7007,July,,7.971203000000000,X
UKR,2011-08-01,2011-08-31,230,'804,Ukraine,LCU,Local currency units per USD,UAH,Hryvnia,2011,2011,7008,August,,7.971123000000000,X
UKR,2011-09-01,2011-09-30,230,'804,Ukraine,LCU,Local currency units per USD,UAH,Hryvnia,2011,2011,7009,September,,7.972830000000000,X
UKR,2011-10-01,2011-10-31,230,'804,Ukraine,LCU,Local currency units per USD,UAH,Hryvnia,2011,2011,7010,October,,7.974674000000000,X
UKR,2011-11-01,2011-11-30,230,'804,Ukraine,LCU,Local currency units per USD,UAH,Hryvnia,2011,2011,7011,November,,7.983920000000000,X
UKR,2011-12-01,2011-12-31,230,'804,Ukraine,LCU,Local currency units per USD,UAH,Hryvnia,2011,2011,7012,December,,7.989752000000000,X
UKR,2012-01-01,2012-12-31,230,'804,Ukraine,LCU,Local currency units per USD,UAH,Hryvnia,2012,2012,7021,Annual value,,7.991029333000000,X
UKR,2012-01-01,2012-01-31,230,'804,Ukraine,LCU,Local currency units per USD,UAH,Hryvnia,2012,2012,7001,January,,7.989794000000000,X
UKR,2012-02-01,2012-02-29,230,'804,Ukraine,LCU,Local currency units per USD,UAH,Hryvnia,2012,2012,7002,February,,7.988448000000000,X
UKR,2012-03-01,2012-03-31,230,'804,Ukraine,LCU,Local currency units per USD,UAH,Hryvnia,2012,2012,7003,March,,7.986242000000000,X
UKR,2012-04-01,2012-04-30,230,'804,Ukraine,LCU,Local currency units per USD,UAH,Hryvnia,2012,2012,7004,April,,7.986720000000000,X
UKR,2012-05-01,2012-05-31,230,'804,Ukraine,LCU,Local currency units per USD,UAH,Hryvnia,2012,2012,7005,May,,7.990777000000000,X
UKR,2012-06-01,2012-06-30,230,'804,Ukraine,LCU,Local currency units per USD,UAH,Hryvnia,2012,2012,7006,June,,7.992500000000000,X
UKR,2012-07-01,2012-07-31,230,'804,Ukraine,LCU,Local currency units per USD,UAH,Hryvnia,2012,2012,7007,July,,7.992871000000000,X
UKR,2012-08-01,2012-08-31,230,'804,Ukraine,LCU,Local currency units per USD,UAH,Hryvnia,2012,2012,7008,August,,7.993000000000000,X
UKR,2012-09-01,2012-09-30,230,'804,Ukraine,LCU,Local currency units per USD,UAH,Hryvnia,2012,2012,7009,September,,7.993000000000000,X
UKR,2012-10-01,2012-10-31,230,'804,Ukraine,LCU,Local currency units per USD,UAH,Hryvnia,2012,2012,7010,October,,7.993000000000000,X
UKR,2012-11-01,2012-11-30,230,'804,Ukraine,LCU,Local currency units per USD,UAH,Hryvnia,2012,2012,7011,November,,7.993000000000000,X
UKR,2012-12-01,2012-12-31,230,'804,Ukraine,LCU,Local currency units per USD,UAH,Hryvnia,2012,2012,7012,December,,7.993000000000000,X
UKR,2013-01-01,2013-12-31,230,'804,Ukraine,LCU,Local currency units per USD,UAH,Hryvnia,2013,2013,7021,Annual value,,7.993000000000000,X
UKR,2013-01-01,2013-01-31,230,'804,Ukraine,LCU,Local currency units per USD,UAH,Hryvnia,2013,2013,7001,January,,7.993000000000000,X
UKR,2013-02-01,2013-02-28,230,'804,Ukraine,LCU,Local currency units per USD,UAH,Hryvnia,2013,2013,7002,February,,7.993000000000000,X
UKR,2013-03-01,2013-03-31,230,'804,Ukraine,LCU,Local currency units per USD,UAH,Hryvnia,2013,2013,7003,March,,7.993000000000000,X
UKR,2013-04-01,2013-04-30,230,'804,Ukraine,LCU,Local currency units per USD,UAH,Hryvnia,2013,2013,7004,April,,7.993000000000000,X
UKR,2013-05-01,2013-05-31,230,'804,Ukraine,LCU,Local currency units per USD,UAH,Hryvnia,2013,2013,7005,May,,7.993000000000000,X
UKR,2013-06-01,2013-06-30,230,'804,Ukraine,LCU,Local currency units per USD,UAH,Hryvnia,2013,2013,7006,June,,7.993000000000000,X
UKR,2013-07-01,2013-07-31,230,'804,Ukraine,LCU,Local currency units per USD,UAH,Hryvnia,2013,2013,7007,July,,7.993000000000000,X
UKR,2013-08-01,2013-08-31,230,'804,Ukraine,LCU,Local currency units per USD,UAH,Hryvnia,2013,2013,7008,August,,7.993000000000000,X
UKR,2013-09-01,2013-09-30,230,'804,Ukraine,LCU,Local currency units per USD,UAH,Hryvnia,2013,2013,7009,September,,7.993000000000000,X
UKR,2013-10-01,2013-10-31,230,'804,Ukraine,LCU,Local currency units per USD,UAH,Hryvnia,2013,2013,7010,October,,7.993000000000000,X
UKR,2013-11-01,2013-11-30,230,'804,Ukraine,LCU,Local currency units per USD,UAH,Hryvnia,2013,2013,7011,November,,7.993000000000000,X
UKR,2013-12-01,2013-12-31,230,'804,Ukraine,LCU,Local currency units per USD,UAH,Hryvnia,2013,2013,7012,December,,7.993000000000000,X
UKR,2014-01-01,2014-12-31,230,'804,Ukraine,LCU,Local currency units per USD,UAH,Hryvnia,2014,2014,7021,Annual value,,11.886659420000001,X
UKR,2014-01-01,2014-01-31,230,'804,Ukraine,LCU,Local currency units per USD,UAH,Hryvnia,2014,2014,7001,January,,7.993000000000000,X
UKR,2014-02-01,2014-02-28,230,'804,Ukraine,LCU,Local currency units per USD,UAH,Hryvnia,2014,2014,7002,February,,8.654882000000001,X
UKR,2014-03-01,2014-03-31,230,'804,Ukraine,LCU,Local currency units per USD,UAH,Hryvnia,2014,2014,7003,March,,9.920029000000000,X
UKR,2014-04-01,2014-04-30,230,'804,Ukraine,LCU,Local currency units per USD,UAH,Hryvnia,2014,2014,7004,April,,11.634154000000001,X
UKR,2014-05-01,2014-05-31,230,'804,Ukraine,LCU,Local currency units per USD,UAH,Hryvnia,2014,2014,7005,May,,11.637603000000000,X
UKR,2014-06-01,2014-06-30,230,'804,Ukraine,LCU,Local currency units per USD,UAH,Hryvnia,2014,2014,7006,June,,11.808719000000000,X
UKR,2014-07-01,2014-07-31,230,'804,Ukraine,LCU,Local currency units per USD,UAH,Hryvnia,2014,2014,7007,July,,11.754282000000000,X
UKR,2014-08-01,2014-08-31,230,'804,Ukraine,LCU,Local currency units per USD,UAH,Hryvnia,2014,2014,7008,August,,12.950087999999999,X
UKR,2014-09-01,2014-09-30,230,'804,Ukraine,LCU,Local currency units per USD,UAH,Hryvnia,2014,2014,7009,September,,13.023320999999999,X
UKR,2014-10-01,2014-10-31,230,'804,Ukraine,LCU,Local currency units per USD,UAH,Hryvnia,2014,2014,7010,October,,12.949826000000000,X
UKR,2014-11-01,2014-11-30,230,'804,Ukraine,LCU,Local currency units per USD,UAH,Hryvnia,2014,2014,7011,November,,14.697702000000000,X
UKR,2014-12-01,2014-12-31,230,'804,Ukraine,LCU,Local currency units per USD,UAH,Hryvnia,2014,2014,7012,December,,15.616307000000001,X
UKR,2015-01-01,2015-12-31,230,'804,Ukraine,LCU,Local currency units per USD,UAH,Hryvnia,2015,2015,7021,Annual value,,21.844697770000000,X
UKR,2015-01-01,2015-01-31,230,'804,Ukraine,LCU,Local currency units per USD,UAH,Hryvnia,2015,2015,7001,January,,15.812726000000000,X
UKR,2015-02-01,2015-02-28,230,'804,Ukraine,LCU,Local currency units per USD,UAH,Hryvnia,2015,2015,7002,February,,24.479893000000001,X
UKR,2015-03-01,2015-03-31,230,'804,Ukraine,LCU,Local currency units per USD,UAH,Hryvnia,2015,2015,7003,March,,23.256215000000001,X
UKR,2015-04-01,2015-04-30,230,'804,Ukraine,LCU,Local currency units per USD,UAH,Hryvnia,2015,2015,7004,April,,22.709472999999999,X
UKR,2015-05-01,2015-05-31,230,'804,Ukraine,LCU,Local currency units per USD,UAH,Hryvnia,2015,2015,7005,May,,20.915255999999999,X
UKR,2015-06-01,2015-06-30,230,'804,Ukraine,LCU,Local currency units per USD,UAH,Hryvnia,2015,2015,7006,June,,21.232831999999998,X
UKR,2015-07-01,2015-07-31,230,'804,Ukraine,LCU,Local currency units per USD,UAH,Hryvnia,2015,2015,7007,July,,21.757373000000001,X
UKR,2015-08-01,2015-08-31,230,'804,Ukraine,LCU,Local currency units per USD,UAH,Hryvnia,2015,2015,7008,August,,21.626867300000001,X
UKR,2015-09-01,2015-09-30,230,'804,Ukraine,LCU,Local currency units per USD,UAH,Hryvnia,2015,2015,7009,September,,21.783419200000001,X
UKR,2015-10-01,2015-10-31,230,'804,Ukraine,LCU,Local currency units per USD,UAH,Hryvnia,2015,2015,7010,October,,21.841307400000002,X
UKR,2015-11-01,2015-11-30,230,'804,Ukraine,LCU,Local currency units per USD,UAH,Hryvnia,2015,2015,7011,November,,23.312625100000002,X
UKR,2015-12-01,2015-12-31,230,'804,Ukraine,LCU,Local currency units per USD,UAH,Hryvnia,2015,2015,7012,December,,23.408386199999999,X
UKR,2016-01-01,2016-12-31,230,'804,Ukraine,LCU,Local currency units per USD,UAH,Hryvnia,2016,2016,7021,Annual value,,25.551334120000000,X
UKR,2016-01-01,2016-01-31,230,'804,Ukraine,LCU,Local currency units per USD,UAH,Hryvnia,2016,2016,7001,January,,24.259692500000000,X
UKR,2016-02-01,2016-02-29,230,'804,Ukraine,LCU,Local currency units per USD,UAH,Hryvnia,2016,2016,7002,February,,26.393052200000000,X
UKR,2016-03-01,2016-03-31,230,'804,Ukraine,LCU,Local currency units per USD,UAH,Hryvnia,2016,2016,7003,March,,26.356162200000000,X
UKR,2016-04-01,2016-04-30,230,'804,Ukraine,LCU,Local currency units per USD,UAH,Hryvnia,2016,2016,7004,April,,25.629497600000001,X
UKR,2016-05-01,2016-05-31,230,'804,Ukraine,LCU,Local currency units per USD,UAH,Hryvnia,2016,2016,7005,May,,25.206477400000001,X
UKR,2016-06-01,2016-06-30,230,'804,Ukraine,LCU,Local currency units per USD,UAH,Hryvnia,2016,2016,7006,June,,24.951341299999999,X
UKR,2016-07-01,2016-07-31,230,'804,Ukraine,LCU,Local currency units per USD,UAH,Hryvnia,2016,2016,7007,July,,24.816780999999999,X
UKR,2016-08-01,2016-08-31,230,'804,Ukraine,LCU,Local currency units per USD,UAH,Hryvnia,2016,2016,7008,August,,25.064809000000000,X
UKR,2016-09-01,2016-09-30,230,'804,Ukraine,LCU,Local currency units per USD,UAH,Hryvnia,2016,2016,7009,September,,26.275462200000000,X
UKR,2016-10-01,2016-10-31,230,'804,Ukraine,LCU,Local currency units per USD,UAH,Hryvnia,2016,2016,7010,October,,25.757272000000000,X
UKR,2016-11-01,2016-11-30,230,'804,Ukraine,LCU,Local currency units per USD,UAH,Hryvnia,2016,2016,7011,November,,25.700937000000000,X
UKR,2016-12-01,2016-12-31,230,'804,Ukraine,LCU,Local currency units per USD,UAH,Hryvnia,2016,2016,7012,December,,26.204525000000000,X
UKR,2017-01-01,2017-12-31,230,'804,Ukraine,LCU,Local currency units per USD,UAH,Hryvnia,2017,2017,7021,Annual value,,26.596606300000001,X
UKR,2017-01-01,2017-01-31,230,'804,Ukraine,LCU,Local currency units per USD,UAH,Hryvnia,2017,2017,7001,January,,27.150611999999999,X
UKR,2017-02-01,2017-02-28,230,'804,Ukraine,LCU,Local currency units per USD,UAH,Hryvnia,2017,2017,7002,February,,27.027771000000001,X
UKR,2017-03-01,2017-03-31,230,'804,Ukraine,LCU,Local currency units per USD,UAH,Hryvnia,2017,2017,7003,March,,27.001562000000000,X
UKR,2017-04-01,2017-04-30,230,'804,Ukraine,LCU,Local currency units per USD,UAH,Hryvnia,2017,2017,7004,April,,26.856826999999999,X
UKR,2017-05-01,2017-05-31,230,'804,Ukraine,LCU,Local currency units per USD,UAH,Hryvnia,2017,2017,7005,May,,26.423693000000000,X
UKR,2017-06-01,2017-06-30,230,'804,Ukraine,LCU,Local currency units per USD,UAH,Hryvnia,2017,2017,7006,June,,26.108858000000001,X
UKR,2017-07-01,2017-07-31,230,'804,Ukraine,LCU,Local currency units per USD,UAH,Hryvnia,2017,2017,7007,July,,25.969315000000002,X
UKR,2017-08-01,2017-08-31,230,'804,Ukraine,LCU,Local currency units per USD,UAH,Hryvnia,2017,2017,7008,August,,25.635271000000000,X
UKR,2017-09-01,2017-09-30,230,'804,Ukraine,LCU,Local currency units per USD,UAH,Hryvnia,2017,2017,7009,September,,26.108607100000000,X
UKR,2017-10-01,2017-10-31,230,'804,Ukraine,LCU,Local currency units per USD,UAH,Hryvnia,2017,2017,7010,October,,26.654976999999999,X
UKR,2017-11-01,2017-11-30,230,'804,Ukraine,LCU,Local currency units per USD,UAH,Hryvnia,2017,2017,7011,November,,26.705274599999999,X
UKR,2017-12-01,2017-12-31,230,'804,Ukraine,LCU,Local currency units per USD,UAH,Hryvnia,2017,2017,7012,December,,27.516507900000001,X
UKR,2018-01-01,2018-12-31,230,'804,Ukraine,LCU,Local currency units per USD,UAH,Hryvnia,2018,2018,7021,Annual value,,27.200492329999999,X
UKR,2018-01-01,2018-01-31,230,'804,Ukraine,LCU,Local currency units per USD,UAH,Hryvnia,2018,2018,7001,January,,28.434328600000001,X
UKR,2018-02-01,2018-02-28,230,'804,Ukraine,LCU,Local currency units per USD,UAH,Hryvnia,2018,2018,7002,February,,27.171049400000001,X
UKR,2018-03-01,2018-03-31,230,'804,Ukraine,LCU,Local currency units per USD,UAH,Hryvnia,2018,2018,7003,March,,26.341204699999999,X
UKR,2018-04-01,2018-04-30,230,'804,Ukraine,LCU,Local currency units per USD,UAH,Hryvnia,2018,2018,7004,April,,26.151748500000000,X
UKR,2018-05-01,2018-05-31,230,'804,Ukraine,LCU,Local currency units per USD,UAH,Hryvnia,2018,2018,7005,May,,26.181224499999999,X
UKR,2018-06-01,2018-06-30,230,'804,Ukraine,LCU,Local currency units per USD,UAH,Hryvnia,2018,2018,7006,June,,26.202170500000001,X
UKR,2018-07-01,2018-07-31,230,'804,Ukraine,LCU,Local currency units per USD,UAH,Hryvnia,2018,2018,7007,July,,26.400686400000001,X
UKR,2018-08-01,2018-08-31,230,'804,Ukraine,LCU,Local currency units per USD,UAH,Hryvnia,2018,2018,7008,August,,27.482209000000001,X
UKR,2018-09-01,2018-09-30,230,'804,Ukraine,LCU,Local currency units per USD,UAH,Hryvnia,2018,2018,7009,September,,28.191267400000001,X
UKR,2018-10-01,2018-10-31,230,'804,Ukraine,LCU,Local currency units per USD,UAH,Hryvnia,2018,2018,7010,October,,28.127382000000001,X
UKR,2018-11-01,2018-11-30,230,'804,Ukraine,LCU,Local currency units per USD,UAH,Hryvnia,2018,2018,7011,November,,27.933498000000000,X
UKR,2018-12-01,2018-12-31,230,'804,Ukraine,LCU,Local currency units per USD,UAH,Hryvnia,2018,2018,7012,December,,27.789138999999999,X
UKR,2019-01-01,2019-12-31,230,'804,Ukraine,LCU,Local currency units per USD,UAH,Hryvnia,2019,2019,7021,Annual value,,25.845589329999999,X
UKR,2019-01-01,2019-01-31,230,'804,Ukraine,LCU,Local currency units per USD,UAH,Hryvnia,2019,2019,7001,January,,27.879175000000000,X
UKR,2019-02-01,2019-02-28,230,'804,Ukraine,LCU,Local currency units per USD,UAH,Hryvnia,2019,2019,7002,February,,27.160678999999998,X
UKR,2019-03-01,2019-03-31,230,'804,Ukraine,LCU,Local currency units per USD,UAH,Hryvnia,2019,2019,7003,March,,26.863534999999999,X
UKR,2019-04-01,2019-04-30,230,'804,Ukraine,LCU,Local currency units per USD,UAH,Hryvnia,2019,2019,7004,April,,26.811495300000001,X
UKR,2019-05-01,2019-05-31,230,'804,Ukraine,LCU,Local currency units per USD,UAH,Hryvnia,2019,2019,7005,May,,26.378847700000001,X
UKR,2019-06-01,2019-06-30,230,'804,Ukraine,LCU,Local currency units per USD,UAH,Hryvnia,2019,2019,7006,June,,26.500110599999999,X
UKR,2019-07-01,2019-07-31,230,'804,Ukraine,LCU,Local currency units per USD,UAH,Hryvnia,2019,2019,7007,July,,25.751355400000001,X
UKR,2019-08-01,2019-08-31,230,'804,Ukraine,LCU,Local currency units per USD,UAH,Hryvnia,2019,2019,7008,August,,25.246989599999999,X
UKR,2019-09-01,2019-09-30,230,'804,Ukraine,LCU,Local currency units per USD,UAH,Hryvnia,2019,2019,7009,September,,24.769724199999999,X
UKR,2019-10-01,2019-10-31,230,'804,Ukraine,LCU,Local currency units per USD,UAH,Hryvnia,2019,2019,7010,October,,24.808206500000001,X
UKR,2019-11-01,2019-11-30,230,'804,Ukraine,LCU,Local currency units per USD,UAH,Hryvnia,2019,2019,7011,November,,24.367518600000000,X
UKR,2019-12-01,2019-12-31,230,'804,Ukraine,LCU,Local currency units per USD,UAH,Hryvnia,2019,2019,7012,December,,23.609435099999999,X
UKR,2020-01-01,2020-12-31,230,'804,Ukraine,LCU,Local currency units per USD,UAH,Hryvnia,2020,2020,7021,Annual value,,26.957524379999999,X
UKR,2020-01-01,2020-01-31,230,'804,Ukraine,LCU,Local currency units per USD,UAH,Hryvnia,2020,2020,7001,January,,24.119351600000002,X
UKR,2020-02-01,2020-02-29,230,'804,Ukraine,LCU,Local currency units per USD,UAH,Hryvnia,2020,2020,7002,February,,24.596524100000000,X
UKR,2020-03-01,2020-03-31,230,'804,Ukraine,LCU,Local currency units per USD,UAH,Hryvnia,2020,2020,7003,March,,26.412293500000001,X
UKR,2020-04-01,2020-04-30,230,'804,Ukraine,LCU,Local currency units per USD,UAH,Hryvnia,2020,2020,7004,April,,27.224653300000000,X
UKR,2020-05-01,2020-05-31,230,'804,Ukraine,LCU,Local currency units per USD,UAH,Hryvnia,2020,2020,7005,May,,26.814329000000001,X
UKR,2020-06-01,2020-06-30,230,'804,Ukraine,LCU,Local currency units per USD,UAH,Hryvnia,2020,2020,7006,June,,26.707343000000002,X
UKR,2020-07-01,2020-07-31,230,'804,Ukraine,LCU,Local currency units per USD,UAH,Hryvnia,2020,2020,7007,July,,27.312838700000000,X
UKR,2020-08-01,2020-08-31,230,'804,Ukraine,LCU,Local currency units per USD,UAH,Hryvnia,2020,2020,7008,August,,27.521419399999999,X
UKR,2020-09-01,2020-09-30,230,'804,Ukraine,LCU,Local currency units per USD,UAH,Hryvnia,2020,2020,7009,September,,27.976716000000000,X
UKR,2020-10-01,2020-10-31,230,'804,Ukraine,LCU,Local currency units per USD,UAH,Hryvnia,2020,2020,7010,October,,28.324951599999999,X
UKR,2020-11-01,2020-11-30,230,'804,Ukraine,LCU,Local currency units per USD,UAH,Hryvnia,2020,2020,7011,November,,28.310153000000000,X
UKR,2020-12-01,2020-12-31,230,'804,Ukraine,LCU,Local currency units per USD,UAH,Hryvnia,2020,2020,7012,December,,28.169719400000002,X
UKR,2021-01-01,2021-12-31,230,'804,Ukraine,LCU,Local currency units per USD,UAH,Hryvnia,2021,2021,7021,Annual value,,27.286189380000000,X
UKR,2021-01-01,2021-01-31,230,'804,Ukraine,LCU,Local currency units per USD,UAH,Hryvnia,2021,2021,7001,January,,28.219771000000001,X
UKR,2021-02-01,2021-02-28,230,'804,Ukraine,LCU,Local currency units per USD,UAH,Hryvnia,2021,2021,7002,February,,27.884660700000001,X
UKR,2021-03-01,2021-03-31,230,'804,Ukraine,LCU,Local currency units per USD,UAH,Hryvnia,2021,2021,7003,March,,27.795558100000001,X
UKR,2021-04-01,2021-04-30,230,'804,Ukraine,LCU,Local currency units per USD,UAH,Hryvnia,2021,2021,7004,April,,27.930006700000000,X
UKR,2021-05-01,2021-05-31,230,'804,Ukraine,LCU,Local currency units per USD,UAH,Hryvnia,2021,2021,7005,May,,27.602848399999999,X
UKR,2021-06-01,2021-06-30,230,'804,Ukraine,LCU,Local currency units per USD,UAH,Hryvnia,2021,2021,7006,June,,27.239872999999999,X
UKR,2021-07-01,2021-07-31,230,'804,Ukraine,LCU,Local currency units per USD,UAH,Hryvnia,2021,2021,7007,July,,27.214548000000001,X
UKR,2021-08-01,2021-08-31,230,'804,Ukraine,LCU,Local currency units per USD,UAH,Hryvnia,2021,2021,7008,August,,26.784854800000002,X
UKR,2021-09-01,2021-09-30,230,'804,Ukraine,LCU,Local currency units per USD,UAH,Hryvnia,2021,2021,7009,September,,26.727786699999999,X
UKR,2021-10-01,2021-10-31,230,'804,Ukraine,LCU,Local currency units per USD,UAH,Hryvnia,2021,2021,7010,October,,26.374677400000000,X
UKR,2021-11-01,2021-11-30,230,'804,Ukraine,LCU,Local currency units per USD,UAH,Hryvnia,2021,2021,7011,November,,26.446223300000000,X
UKR,2021-12-01,2021-12-31,230,'804,Ukraine,LCU,Local currency units per USD,UAH,Hryvnia,2021,2021,7012,December,,27.213464500000001,X
UKR,2022-01-01,2022-12-31,230,'804,Ukraine,LCU,Local currency units per USD,UAH,Hryvnia,2022,2022,7021,Annual value,,32.342301599999999,X
UKR,2022-01-01,2022-01-31,230,'804,Ukraine,LCU,Local currency units per USD,UAH,Hryvnia,2022,2022,7001,January,,27.981271000000000,X
UKR,2022-02-01,2022-02-28,230,'804,Ukraine,LCU,Local currency units per USD,UAH,Hryvnia,2022,2022,7002,February,,28.413664300000001,X
UKR,2022-03-01,2022-03-31,230,'804,Ukraine,LCU,Local currency units per USD,UAH,Hryvnia,2022,2022,7003,March,,29.254899999999999,X
UKR,2022-04-01,2022-04-30,230,'804,Ukraine,LCU,Local currency units per USD,UAH,Hryvnia,2022,2022,7004,April,,29.254899999999999,X
UKR,2022-05-01,2022-05-31,230,'804,Ukraine,LCU,Local currency units per USD,UAH,Hryvnia,2022,2022,7005,May,,29.254899999999999,X
UKR,2022-06-01,2022-06-30,230,'804,Ukraine,LCU,Local currency units per USD,UAH,Hryvnia,2022,2022,7006,June,,29.254899999999999,X
UKR,2022-07-01,2022-07-31,230,'804,Ukraine,LCU,Local currency units per USD,UAH,Hryvnia,2022,2022,7007,July,,31.850083900000001,X
UKR,2022-08-01,2022-08-31,230,'804,Ukraine,LCU,Local currency units per USD,UAH,Hryvnia,2022,2022,7008,August,,36.568600000000004,X
UKR,2022-09-01,2022-09-30,230,'804,Ukraine,LCU,Local currency units per USD,UAH,Hryvnia,2022,2022,7009,September,,36.568600000000004,X
UKR,2022-10-01,2022-10-31,230,'804,Ukraine,LCU,Local currency units per USD,UAH,Hryvnia,2022,2022,7010,October,,36.568600000000004,X
UKR,2022-11-01,2022-11-30,230,'804,Ukraine,LCU,Local currency units per USD,UAH,Hryvnia,2022,2022,7011,November,,36.568600000000004,X
UKR,2022-12-01,2022-12-31,230,'804,Ukraine,LCU,Local currency units per USD,UAH,Hryvnia,2022,2022,7012,December,,36.568600000000004,X
UKR,2023-01-01,2023-12-31,230,'804,Ukraine,LCU,Local currency units per USD,UAH,Hryvnia,2023,2023,7021,Annual value,,36.573806759999997,X
UKR,2023-01-01,2023-01-31,230,'804,Ukraine,LCU,Local currency units per USD,UAH,Hryvnia,2023,2023,7001,January,,36.568600000000004,X
UKR,2023-02-01,2023-02-28,230,'804,Ukraine,LCU,Local currency units per USD,UAH,Hryvnia,2023,2023,7002,February,,36.568600000000004,X
UKR,2023-03-01,2023-03-31,230,'804,Ukraine,LCU,Local currency units per USD,UAH,Hryvnia,2023,2023,7003,March,,36.568600000000004,X
UKR,2023-04-01,2023-04-30,230,'804,Ukraine,LCU,Local currency units per USD,UAH,Hryvnia,2023,2023,7004,April,,36.568600000000004,X
UKR,2023-05-01,2023-05-31,230,'804,Ukraine,LCU,Local currency units per USD,UAH,Hryvnia,2023,2023,7005,May,,36.568600000000004,X
UKR,2023-06-01,2023-06-30,230,'804,Ukraine,LCU,Local currency units per USD,UAH,Hryvnia,2023,2023,7006,June,,36.568600000000004,X
UKR,2023-07-01,2023-07-31,230,'804,Ukraine,LCU,Local currency units per USD,UAH,Hryvnia,2023,2023,7007,July,,36.568600000000004,X
UKR,2023-08-01,2023-08-31,230,'804,Ukraine,LCU,Local currency units per USD,UAH,Hryvnia,2023,2023,7008,August,,36.568600000000004,X
UKR,2023-09-01,2023-09-30,230,'804,Ukraine,LCU,Local currency units per USD,UAH,Hryvnia,2023,2023,7009,September,,36.568600000000004,X
UKR,2023-10-01,2023-10-31,230,'804,Ukraine,LCU,Local currency units per USD,UAH,Hryvnia,2023,2023,7010,October,,36.518951600000001,X
UKR,2023-11-01,2023-11-30,230,'804,Ukraine,LCU,Local currency units per USD,UAH,Hryvnia,2023,2023,7011,November,,36.155419999999999,X
UKR,2023-12-01,2023-12-31,230,'804,Ukraine,LCU,Local currency units per USD,UAH,Hryvnia,2023,2023,7012,December,,37.093925800000001,X
UKR,2024-01-01,2024-12-31,230,'804,Ukraine,LCU,Local currency units per USD,UAH,Hryvnia,2024,2024,7021,Annual value,,40.152084350000003,X
UKR,2024-01-01,2024-01-31,230,'804,Ukraine,LCU,Local currency units per USD,UAH,Hryvnia,2024,2024,7001,January,,37.868474200000001,X
UKR,2024-02-01,2024-02-29,230,'804,Ukraine,LCU,Local currency units per USD,UAH,Hryvnia,2024,2024,7002,February,,37.972893100000000,X
UKR,2024-03-01,2024-03-31,230,'804,Ukraine,LCU,Local currency units per USD,UAH,Hryvnia,2024,2024,7003,March,,38.663867699999997,X
UKR,2024-04-01,2024-04-30,230,'804,Ukraine,LCU,Local currency units per USD,UAH,Hryvnia,2024,2024,7004,April,,39.360550000000003,X
UKR,2024-05-01,2024-05-31,230,'804,Ukraine,LCU,Local currency units per USD,UAH,Hryvnia,2024,2024,7005,May,,39.710051600000000,X
UKR,2024-06-01,2024-06-30,230,'804,Ukraine,LCU,Local currency units per USD,UAH,Hryvnia,2024,2024,7006,June,,40.477513299999998,X
UKR,2024-07-01,2024-07-31,230,'804,Ukraine,LCU,Local currency units per USD,UAH,Hryvnia,2024,2024,7007,July,,40.990177400000000,X
UKR,2024-08-01,2024-08-31,230,'804,Ukraine,LCU,Local currency units per USD,UAH,Hryvnia,2024,2024,7008,August,,41.189374200000003,X
UKR,2024-09-01,2024-09-30,230,'804,Ukraine,LCU,Local currency units per USD,UAH,Hryvnia,2024,2024,7009,September,,41.247360000000000,X
UKR,2024-10-01,2024-10-31,230,'804,Ukraine,LCU,Local currency units per USD,UAH,Hryvnia,2024,2024,7010,October,,41.242458100000000,X
UKR,2024-11-01,2024-11-30,230,'804,Ukraine,LCU,Local currency units per USD,UAH,Hryvnia,2024,2024,7011,November,,41.350263300000002,X
UKR,2024-12-01,2024-12-31,230,'804,Ukraine,LCU,Local currency units per USD,UAH,Hryvnia,2024,2024,7012,December,,41.752009680000000,X
UKR,2025-01-01,2025-12-31,230,'804,Ukraine,LCU,Local currency units per USD,UAH,Hryvnia,2025,2025,7021,Annual value,,41.689071660000003,X
UKR,2025-01-01,2025-01-31,230,'804,Ukraine,LCU,Local currency units per USD,UAH,Hryvnia,2025,2025,7001,January,,42.108964520000001,X
UKR,2025-02-01,2025-02-28,230,'804,Ukraine,LCU,Local currency units per USD,UAH,Hryvnia,2025,2025,7002,February,,41.671100000000003,X
UKR,2025-03-01,2025-03-31,230,'804,Ukraine,LCU,Local currency units per USD,UAH,Hryvnia,2025,2025,7003,March,,41.480699999999999,X
UKR,2025-04-01,2025-04-30,230,'804,Ukraine,LCU,Local currency units per USD,UAH,Hryvnia,2025,2025,7004,April,,41.413499999999999,X
UKR,2025-05-01,2025-05-31,230,'804,Ukraine,LCU,Local currency units per USD,UAH,Hryvnia,2025,2025,7005,May,,41.530000000000001,X
UKR,2025-06-01,2025-06-30,230,'804,Ukraine,LCU,Local currency units per USD,UAH,Hryvnia,2025,2025,7006,June,,41.579300000000003,X
UKR,2025-07-01,2025-07-31,230,'804,Ukraine,LCU,Local currency units per USD,UAH,Hryvnia,2025,2025,7007,July,,41.794100000000000,X
UKR,2025-08-01,2025-08-31,230,'804,Ukraine,LCU,Local currency units per USD,UAH,Hryvnia,2025,2025,7008,August,,41.441899999999997,X
UKR,2025-09-01,2025-09-30,230,'804,Ukraine,LCU,Local currency units per USD,UAH,Hryvnia,2025,2025,7009,September,,41.333333330000002,X
UKR,2025-10-01,2025-10-31,230,'804,Ukraine,LCU,Local currency units per USD,UAH,Hryvnia,2025,2025,7010,October,,41.627099999999999,X
UKR,2025-11-01,2025-11-30,230,'804,Ukraine,LCU,Local currency units per USD,UAH,Hryvnia,2025,2025,7011,November,,42.103999999999999,X
UKR,2025-12-01,2025-12-31,230,'804,Ukraine,LCU,Local currency units per USD,UAH,Hryvnia,2025,2025,7012,December,,42.199900000000000,X
UKR,2026-01-01,2026-01-31,230,'804,Ukraine,LCU,Local currency units per USD,UAH,Hryvnia,2026,2026,7001,January,,42.686333329999997,X
UKR,1992-12-01,1992-12-31,230,'804,Ukraine,LCU,Local currency units per USD,UAK,Karbovanet,1992,1992,7012,December,,0.006310000000000,X
UKR,1993-01-01,1993-12-31,230,'804,Ukraine,LCU,Local currency units per USD,UAK,Karbovanet,1993,1993,7021,Annual value,,2151.927732000000100,X
UKR,1993-01-01,1993-01-31,230,'804,Ukraine,LCU,Local currency units per USD,UAK,Karbovanet,1993,1993,7001,January,,0.007280000000000,X
UKR,1994-01-01,1994-12-31,230,'804,Ukraine,LCU,Local currency units per USD,UAK,Karbovanet,1994,1994,7021,Annual value,,22195.798540000003000,X
UKR,1995-01-01,1995-12-31,230,'804,Ukraine,LCU,Local currency units per USD,UAK,Karbovanet,1995,1995,7021,Annual value,,112073.885400000000000,X
UKR,1996-01-01,1996-12-31,230,'804,Ukraine,LCU,Local currency units per USD,UAK,Karbovanet,1996,1996,7021,Annual value,,182946.855799999990000,X
UKR,1990-01-01,1990-12-31,230,'804,Ukraine,SLC,Standard local currency units per USD,UAH,Hryvnia,1990,1990,7021,Annual value,,0.000018500000000,X
UKR,1991-01-01,1991-12-31,230,'804,Ukraine,SLC,Standard local currency units per USD,UAH,Hryvnia,1991,1991,7021,Annual value,,0.000035200000000,X
UKR,1992-01-01,1992-12-31,230,'804,Ukraine,SLC,Standard local currency units per USD,UAH,Hryvnia,1992,1992,7021,Annual value,,0.000641393000000,X
UKR,1993-01-01,1993-12-31,230,'804,Ukraine,SLC,Standard local currency units per USD,UAH,Hryvnia,1993,1993,7021,Annual value,,0.021519412000000,X
UKR,1994-01-01,1994-12-31,230,'804,Ukraine,SLC,Standard local currency units per USD,UAH,Hryvnia,1994,1994,7021,Annual value,,0.221958890000000,X
UKR,1995-01-01,1995-12-31,230,'804,Ukraine,SLC,Standard local currency units per USD,UAH,Hryvnia,1995,1995,7021,Annual value,,1.120741091000000,X
UKR,1996-01-01,1996-12-31,230,'804,Ukraine,SLC,Standard local currency units per USD,UAH,Hryvnia,1996,1996,7021,Annual value,,1.829468558000000,X
UKR,1997-01-01,1997-12-31,230,'804,Ukraine,SLC,Standard local currency units per USD,UAH,Hryvnia,1997,1997,7021,Annual value,,1.861658333000000,X
UKR,1998-01-01,1998-12-31,230,'804,Ukraine,SLC,Standard local currency units per USD,UAH,Hryvnia,1998,1998,7021,Annual value,,2.449541667000000,X
UKR,1999-01-01,1999-12-31,230,'804,Ukraine,SLC,Standard local currency units per USD,UAH,Hryvnia,1999,1999,7021,Annual value,,4.130441667000000,X
UKR,2000-01-01,2000-12-31,230,'804,Ukraine,SLC,Standard local currency units per USD,UAH,Hryvnia,2000,2000,7021,Annual value,,5.440233333000000,X
UKR,2001-01-01,2001-12-31,230,'804,Ukraine,SLC,Standard local currency units per USD,UAH,Hryvnia,2001,2001,7021,Annual value,,5.372158333000000,X
UKR,2002-01-01,2002-12-31,230,'804,Ukraine,SLC,Standard local currency units per USD,UAH,Hryvnia,2002,2002,7021,Annual value,,5.326625000000000,X
UKR,2003-01-01,2003-12-31,230,'804,Ukraine,SLC,Standard local currency units per USD,UAH,Hryvnia,2003,2003,7021,Annual value,,5.332688333000000,X
UKR,2004-01-01,2004-12-31,230,'804,Ukraine,SLC,Standard local currency units per USD,UAH,Hryvnia,2004,2004,7021,Annual value,,5.319180667000000,X
UKR,2005-01-01,2005-12-31,230,'804,Ukraine,SLC,Standard local currency units per USD,UAH,Hryvnia,2005,2005,7021,Annual value,,5.124729000000000,X
UKR,2006-01-01,2006-12-31,230,'804,Ukraine,SLC,Standard local currency units per USD,UAH,Hryvnia,2006,2006,7021,Annual value,,5.050000000000000,X
UKR,2007-01-01,2007-12-31,230,'804,Ukraine,SLC,Standard local currency units per USD,UAH,Hryvnia,2007,2007,7021,Annual value,,5.050000000000000,X
UKR,2008-01-01,2008-12-31,230,'804,Ukraine,SLC,Standard local currency units per USD,UAH,Hryvnia,2008,2008,7021,Annual value,,5.267221417000000,X
UKR,2009-01-01,2009-12-31,230,'804,Ukraine,SLC,Standard local currency units per USD,UAH,Hryvnia,2009,2009,7021,Annual value,,7.791240333000000,X
UKR,2010-01-01,2010-12-31,230,'804,Ukraine,SLC,Standard local currency units per USD,UAH,Hryvnia,2010,2010,7021,Annual value,,7.935639417000000,X
UKR,2011-01-01,2011-12-31,230,'804,Ukraine,SLC,Standard local currency units per USD,UAH,Hryvnia,2011,2011,7021,Annual value,,7.967562833000000,X
UKR,2012-01-01,2012-12-31,230,'804,Ukraine,SLC,Standard local currency units per USD,UAH,Hryvnia,2012,2012,7021,Annual value,,7.991029333000000,X
UKR,2013-01-01,2013-12-31,230,'804,Ukraine,SLC,Standard local currency units per USD,UAH,Hryvnia,2013,2013,7021,Annual value,,7.993000000000000,X
UKR,2014-01-01,2014-12-31,230,'804,Ukraine,SLC,Standard local currency units per USD,UAH,Hryvnia,2014,2014,7021,Annual value,,11.886659420000001,X
UKR,2015-01-01,2015-12-31,230,'804,Ukraine,SLC,Standard local currency units per USD,UAH,Hryvnia,2015,2015,7021,Annual value,,21.844697770000000,X
UKR,2016-01-01,2016-12-31,230,'804,Ukraine,SLC,Standard local currency units per USD,UAH,Hryvnia,2016,2016,7021,Annual value,,25.551334120000000,X
UKR,2017-01-01,2017-12-31,230,'804,Ukraine,SLC,Standard local currency units per USD,UAH,Hryvnia,2017,2017,7021,Annual value,,26.596606300000001,X
UKR,2018-01-01,2018-12-31,230,'804,Ukraine,SLC,Standard local currency units per USD,UAH,Hryvnia,2018,2018,7021,Annual value,,27.200492329999999,X
UKR,2019-01-01,2019-12-31,230,'804,Ukraine,SLC,Standard local currency units per USD,UAH,Hryvnia,2019,2019,7021,Annual value,,25.845589329999999,X
UKR,2020-01-01,2020-12-31,230,'804,Ukraine,SLC,Standard local currency units per USD,UAH,Hryvnia,2020,2020,7021,Annual value,,26.957524379999999,X
UKR,2021-01-01,2021-12-31,230,'804,Ukraine,SLC,Standard local currency units per USD,UAH,Hryvnia,2021,2021,7021,Annual value,,27.286189380000000,X
UKR,2022-01-01,2022-12-31,230,'804,Ukraine,SLC,Standard local currency units per USD,UAH,Hryvnia,2022,2022,7021,Annual value,,32.342301599999999,X
UKR,2023-01-01,2023-12-31,230,'804,Ukraine,SLC,Standard local currency units per USD,UAH,Hryvnia,2023,2023,7021,Annual value,,36.573806759999997,X
UKR,2024-01-01,2024-12-31,230,'804,Ukraine,SLC,Standard local currency units per USD,UAH,Hryvnia,2024,2024,7021,Annual value,,40.152084350000003,X
UKR,2025-01-01,2025-12-31,230,'804,Ukraine,SLC,Standard local currency units per USD,UAH,Hryvnia,2025,2025,7021,Annual value,,41.689071660000003,X
